﻿Designator,Quantity,Value,Footprint,Package,MPN,DNP,Mount_Type,Description
", ",2,,,,,,tht,
J1,1,JST_PH_4PIN,JST_PH_B4B-PH-K_1x04_P2.00mm_Vertical,,,,tht,"Generic connector, single row, 01x04, script generated"
J2,1,JST_SH_4PIN,JST_SH_BM04B-SRSS-TB_1x04-1MP_P1.00mm_Vertical,,,,smt,"Generic connector, single row, 01x04, script generated"
J3,1,IO1,PinHeader_1x12_P2.54mm_Vertical,,,,tht,"Generic connector, single row, 01x12, script generated"
J4,1,IO2,PinHeader_1x12_P2.54mm_Vertical,,,,tht,"Generic connector, single row, 01x12, script generated"
J5,1,IO3,PinHeader_1x12_P2.54mm_Vertical,,,,tht,"Generic connector, single row, 01x12, script generated"
J6,1,DMX_4PIN_2MM,PinHeader_1x04_P2.00mm_Vertical,,,,tht,"Generic connector, single row, 01x04, script generated"
"R1, R2",2,R,R_Axial_DIN0207_L6.3mm_D2.5mm_P10.16mm_Horizontal,,,,tht,Resistor
"TP1, TP2, TP3, TP4, TP5, TP6, TP7, TP8, TP9",9,TestPoint,TestPoint_THTPad_D2.0mm_Drill1.0mm,,,,tht,test point
"U1, U2",2,~,PinSocket_1x20_P2.54mm_Vertical,,,,tht,
