﻿pos_x,pos_y,rotation,side,designator,mpn,pack,footprint,value,mount_type
132.9961,-137.408431,180.0,top,,,,,,tht
113.000517,-137.399351,180.0,top,,,,,,tht
82.0,-121.9,0.0,top,J1,,,JST_PH_B4B-PH-K_1x04_P2.00mm_Vertical,JST_PH_4PIN,tht
121.6,-117.0,-90.0,top,J2,,,JST_SH_BM04B-SRSS-TB_1x04-1MP_P1.00mm_Vertical,JST_SH_4PIN,smt
122.16,-76.0,0.0,top,J3,,,PinHeader_1x12_P2.54mm_Vertical,IO1,tht
84.06,-76.0,0.0,top,J4,,,PinHeader_1x12_P2.54mm_Vertical,IO2,tht
80.78,-132.6,90.0,top,J5,,,PinHeader_1x12_P2.54mm_Vertical,IO3,tht
126.0,-132.8,-90.0,top,J6,,,PinHeader_1x04_P2.00mm_Vertical,DMX_4PIN_2MM,tht
79.82,-111.3,0.0,top,R1,,,R_Axial_DIN0207_L6.3mm_D2.5mm_P10.16mm_Horizontal,R,tht
79.74,-116.1,0.0,top,R2,,,R_Axial_DIN0207_L6.3mm_D2.5mm_P10.16mm_Horizontal,R,tht
112.0,-76.0,0.0,top,U1,,,PinSocket_1x20_P2.54mm_Vertical,~,tht
94.22,-76.0,0.0,top,U2,,,PinSocket_1x20_P2.54mm_Vertical,~,tht
